<?xml version="1.0" encoding="UTF-8"?>
<project-private xmlns="http://www.netbeans.org/ns/project-private/1">
    <editor-bookmarks xmlns="http://www.netbeans.org/ns/editor-bookmarks/2" lastBookmarkId="0"/>
    <open-files xmlns="http://www.netbeans.org/ns/projectui-open-files/2">
        <group>
            <file>file:/E:/Masters/Sem%201/ADE/HMS%20Final/HMS/src/UI/MainJFrame.java</file>
            <file>file:/E:/Masters/Sem%201/ADE/HMS%20Final/HMS/src/Role/PharmacistRole.java</file>
            <file>file:/E:/Masters/Sem%201/ADE/HMS%20Final/HMS/src/Role/NurseRole.java</file>
            <file>file:/E:/Masters/Sem%201/ADE/HMS%20Final/HMS/src/UI/InsuranceJPanels/InsurancePlansJPanel.java</file>
            <file>file:/E:/Masters/Sem%201/ADE/HMS%20Final/HMS/src/Insurance/InsuranceAgent.java</file>
            <file>file:/E:/Masters/Sem%201/ADE/HMS%20Final/HMS/src/Role/InsuranceAgentRole.java</file>
            <file>file:/E:/Masters/Sem%201/ADE/HMS%20Final/HMS/src/Insurance/InsuranceAgentDirectory.java</file>
            <file>file:/E:/Masters/Sem%201/ADE/HMS%20Final/HMS/src/UI/DoctorJPanels/DoctorAppointmentsJPanel.java</file>
            <file>file:/E:/Masters/Sem%201/ADE/HMS%20Final/HMS/src/Business/Business.java</file>
            <file>file:/E:/Masters/Sem%201/ADE/HMS%20Final/HMS/src/Role/DoctorRole.java</file>
            <file>file:/E:/Masters/Sem%201/ADE/HMS%20Final/HMS/src/Role/Role.java</file>
            <file>file:/E:/Masters/Sem%201/ADE/HMS%20Final/HMS/src/Role/LabTechnicianRole.java</file>
            <file>file:/E:/Masters/Sem%201/ADE/HMS%20Final/HMS/src/UI/InsuranceJPanels/InsAgentJFrame.java</file>
            <file>file:/E:/Masters/Sem%201/ADE/HMS%20Final/HMS/src/UI/InsuranceJPanels/InsuranceAgentRegistrationJFrame.java</file>
            <file>file:/E:/Masters/Sem%201/ADE/HMS%20Final/HMS/src/Insurance/InsuranceEnrollment.java</file>
            <file>file:/E:/Masters/Sem%201/ADE/HMS%20Final/HMS/src/Role/PatientRole.java</file>
            <file>file:/E:/Masters/Sem%201/ADE/HMS%20Final/HMS/src/UI/DoctorJPanels/DoctorPrescriptionsJPanel.java</file>
            <file>file:/E:/Masters/Sem%201/ADE/HMS%20Final/HMS/src/Role/InsuranceAdminRole.java</file>
            <file>file:/E:/Masters/Sem%201/ADE/HMS%20Final/HMS/src/UI/HospitalAdmin/HospitalAdminJFrame.java</file>
            <file>file:/E:/Masters/Sem%201/ADE/HMS%20Final/HMS/src/Role/Admin.java</file>
            <file>file:/E:/Masters/Sem%201/ADE/HMS%20Final/HMS/src/UI/DoctorJPanels/DoctorVitalsJPanel.java</file>
            <file>file:/E:/Masters/Sem%201/ADE/HMS%20Final/HMS/src/UI/InsuranceJPanels/InsuranceAdminRoleJFrame.java</file>
            <file>file:/E:/Masters/Sem%201/ADE/HMS%20Final/HMS/src/Insurance/InsurancePlanDetails.java</file>
            <file>file:/E:/Masters/Sem%201/ADE/HMS%20Final/HMS/src/Insurance/InsurancePlans.java</file>
            <file>file:/E:/Masters/Sem%201/ADE/HMS%20Final/HMS/src/Insurance/InsuranceEnrollmentDirectory.java</file>
            <file>file:/E:/Masters/Sem%201/ADE/HMS%20Final/HMS/src/UI/LoginJPanel/LoginJFrame.java</file>
            <file>file:/E:/Masters/Sem%201/ADE/HMS%20Final/HMS/src/UI/LabJPanels/LabTechnicianJFrame.java</file>
            <file>file:/E:/Masters/Sem%201/ADE/HMS%20Final/HMS/src/Role/SystemAdminRole.java</file>
            <file>file:/E:/Masters/Sem%201/ADE/HMS%20Final/HMS/src/Role/ReceptionistRole.java</file>
        </group>
    </open-files>
</project-private>
